{"eval_loss": 0.8877903819084167, "eval_model_preparation_time": 0.002, "eval_accuracy": 0.8469823002815247, "eval_runtime": 14.5476, "eval_samples_per_second": 676.536, "eval_steps_per_second": 84.619}