{"eval_loss": 0.35321882367134094, "eval_model_preparation_time": 0.002, "eval_accuracy": 0.8697419166564941, "eval_runtime": 14.3179, "eval_samples_per_second": 687.39, "eval_steps_per_second": 85.976}