{"eval_loss": 0.2988967001438141, "eval_model_preparation_time": 0.0015, "eval_accuracy": 0.8949400782585144, "eval_runtime": 14.6081, "eval_samples_per_second": 673.738, "eval_steps_per_second": 84.269}