{"eval_loss": 0.4086284041404724, "eval_model_preparation_time": 0.002, "eval_accuracy": 0.8629343509674072, "eval_runtime": 14.245, "eval_samples_per_second": 690.911, "eval_steps_per_second": 86.417}