{"eval_loss": 0.851325273513794, "eval_model_preparation_time": 0.0015, "eval_accuracy": 0.4525502920150757, "eval_runtime": 14.4615, "eval_samples_per_second": 680.567, "eval_steps_per_second": 85.123}